<?xml version="1.0" ?>
<manifest identifier="joSKpvpV0bDGeH9KyVHUkAqXIw_1zUErCXDMccR3" version="1"
  xmlns="http://www.imsproject.org/xsd/imscp_rootv1p1p2"
  xmlns:adlcp="http://www.adlnet.org/xsd/adlcp_rootv1p2"
  xmlns:xsi="http://www.w3.org/2001/XMLSchema-instance"
  xsi:schemaLocation="http://www.imsproject.org/xsd/imscp_rootv1p1p2 imscp_rootv1p1p2.xsd
                      http://www.imsglobal.org/xsd/imsmd_rootv1p2p1 imsmd_rootv1p2p1.xsd
                      http://www.adlnet.org/xsd/adlcp_rootv1p2 adlcp_rootv1p2.xsd">
  <metadata>
    <schema>ADL SCORM</schema>
    <schemaversion>1.2</schemaversion>
    <adlcp:location>metadata.xml</adlcp:location>
  </metadata>
  <organizations default="articulate_rise">
      <organization identifier="articulate_rise">
      <title>Systematic Development of Innovation Culture in Companies</title>
      <item identifier="i1" identifierref="r1" isvisible="true">
        <title>Systematic Development of Innovation Culture in Companies</title>
        <adlcp:datafromlms>eyJjcHYiOiJDWERNY2NSMyJ9</adlcp:datafromlms>
      </item>
    </organization>
  </organizations>
  <resources>
    <resource identifier="r1" type="webcontent" adlcp:scormtype="sco" href="scormdriver/indexAPI.html">
      <!-- SCORMDRIVER STUFF -->
      <file href="scormdriver/LICENSE.txt" />
      <file href="scormdriver/indexAPI.html" />
      <file href="scormdriver/preloadIntegrity.js" />
      <file href="scormdriver/driverOptions.js" />
      <file href="scormdriver/AICCComm.html" />
      <file href="scormdriver/auto-scripts/AutoBookmark.js" />
      <file href="scormdriver/auto-scripts/AutoCompleteSCO.js" />
      <file href="scormdriver/auto-scripts/CourseExit.js" />
      <file href="scormdriver/blank.html" />
      <file href="scormdriver/goodbye.html" />
      <file href="scormdriver/scormdriver.js" />
      <file href="scormdriver/browsersniff.js" />

      <!-- RUNTIME COMMON STUFF -->
      <file href="scormcontent/index.html" />
      <file href="scormcontent/lib/main.bundle.js"/>

      
        <file href="scormcontent/lib/fonts/icomoon.ttf"/>
        <file href="scormcontent/lib/fonts/icomoon.woff"/>

        <file href="scormcontent/lib/icomoon.css"/>
        <file href="scormcontent/lib/main.bundle.css"/>
        <file href="scormcontent/lib/player-0.0.11.min.js"/>
        <file href="scormcontent/lib/lzwcompress.js"/>
      

      <!-- RUNTIME CONTENT STUFF -->
      <file href="scormcontent/lib/fonts/Lato-Light.woff" />
<file href="scormcontent/lib/fonts/Lato-Regular.woff" />
<file href="scormcontent/lib/fonts/Lato-Bold.woff" />
<file href="scormcontent/lib/fonts/Lato-Italic.woff" />
<file href="scormcontent/lib/fonts/Lato-Black.woff" />
<file href="scormcontent/lib/fonts/Merriweather-Light.woff" />
<file href="scormcontent/lib/fonts/Merriweather-Regular.woff" />
<file href="scormcontent/lib/fonts/Merriweather-Bold.woff" />
<file href="scormcontent/lib/fonts/Merriweather-Italic.woff" />
<file href="scormcontent/lib/fonts/Merriweather-Black.woff" />
<file href="scormcontent/assets/jizAANwfLw_hUG3u_small.png" />
<file href="scormcontent/assets/lCSeOEOlyKkK31hc_el64TLxK6K6s1Sjg.jpg" />
<file href="scormcontent/assets/RLFy7zsDvFQAe3-f_GEIyf17SAPqvThZG.jpg" />
<file href="scormcontent/assets/t40VFsTfA_mj7ojR_o1LI5VMnUPQkte4u.jpg" />
<file href="scormcontent/assets/eGwhST4ig3gdxw-M_hw1OO7Im3ZgDxYkv.png" />
<file href="scormcontent/assets/PTueGExsHXWxLmV__xeAaTU6rLxQK-5fI.png" />
<file href="scormcontent/assets/VOD6KRDTqs6BcDaE_hWsxd7a-LXbo-MHF.png" />
<file href="scormcontent/assets/CV3_6OEpILUuQPtX_R9B4b7evSB_aFW-D.png" />
<file href="scormcontent/assets/BJDc0qSEy3odvo9t_uGY48soSCOQxAPnt.jpg" />
<file href="scormcontent/assets/kZv5w9TjutixCe1P_MxdPKCCUfAh0CQvK.jpg" />
<file href="scormcontent/assets/wK_jeBXM6GNHJ11x_agency.jpg" />
<file href="scormcontent/assets/y9wttF17y2g46LBE_ctH9ogPw0IuBO3iS.jpg" />
<file href="scormcontent/assets/cv91Mc6Co0Fp6x_y_WiOOzvm2lPPg97In.jpg" />
<file href="scormcontent/assets/M212sg5eSJZq9Ceo_rwP0zzRjheci4NBO.png" />
<file href="scormcontent/assets/IayvTcXJav5YXbHB_KL0cNw6fTArU26ky.jpg" />
<file href="scormcontent/assets/9_7vHGsw0iFMRzgP_bIzQ6r1u_SsYNy32.jpg" />
<file href="scormcontent/assets/mHCct2feavttgXzy_Ggkmj-qR8rjs3eJm.jpg" />
<file href="scormcontent/assets/Cy89MFt9hBSq0ZW__pFBw3FozVH3x0gZF.jpg" />
<file href="scormcontent/assets/9ZTHUZfjs6ZDjsVF_UIuXb7MKShYvQF2A.jpg" />
<file href="scormcontent/assets/b7AjEkXPQMyCIClw_U6hNjKQEprYdGh8V.jpg" />
<file href="scormcontent/assets/3cOvrvcD0K_9pzDc_1ClYy5x8zI_Cmup3.jpg" />
<file href="scormcontent/assets/AJ__SQ1i8AGabTpI_vlaiFXA_GyNAgcVq.jpg" />
<file href="scormcontent/assets/5uUl6os6XgfEjYB__dRoGq-IwwXLE6w5a.jpg" />
<file href="scormcontent/assets/-MEP7hEMjejJjzsl_5M6sim7OFz5Nfs9q.jpg" />
<file href="scormcontent/assets/gCytVLAu78b84LZH_Bx3kJ5ZekzquBB7i.jpg" />
<file href="scormcontent/assets/z5hYmvhD5c59JPc3_FAMPTkEzMgR4yG-8.jpg" />
<file href="scormcontent/assets/tf-TG0FtzL0GrHhf_QLqfGu6OQaUbeY_5.png" />
<file href="scormcontent/assets/hxH4imywLRL2RIaO_rY5dL61oVraseJDd.jpg" />
<file href="scormcontent/assets/E8LMwlmsHEnXU0o6_LBoCqFvu_gJIE8RS.png" />
<file href="scormcontent/assets/HmzY7mhtVXdscJSP_jyg1tYf3FO8hBON5.png" />
<file href="scormcontent/assets/6WZM7dHT2CGbutO8_Pz1xE7YIWyS-R7cr.png" />
<file href="scormcontent/assets/9KsqFE5vzgteH6a9_6PBYgaNSig5-Tve9.png" />
<file href="scormcontent/assets/z1pxRS32D8YRL5kK_o0rgP5YH3cYFGVT-.jpg" />
<file href="scormcontent/assets/7DScq0NSIS7gp_wo_kcohmF0lVZzVMweI.png" />
<file href="scormcontent/assets/XwB2V07UfM4OB5JV_IAsA2zfDRxhXlU4r.jpg" />
<file href="scormcontent/assets/LvZHeTJ_DxJnJRZS_eIym1_zuTT6Tl34b.jpg" />
<file href="scormcontent/assets/YupiPl-ufvpkCeKG_mountains.jpg" />
<file href="scormcontent/assets/cSiAtZ7pE8B_9Dcl_NXjVhJeqzvrjzc_o.png" />
<file href="scormcontent/assets/73oZcFwFpRxu-L6N_kIxZG9jGMZCBp373.png" />
<file href="scormcontent/assets/Tv8aZGEeSeTA_QIe_L4f2Gv_y3Q8dbxG1.png" />
<file href="scormcontent/assets/aXPI-cIOlH8NiqI6_zNCBtMUlVvT88tv2.png" />
<file href="scormcontent/assets/kVm1qINcMhBP9ElW_buckFwadm9-lCmJJ.png" />
<file href="scormcontent/assets/XMBbIrXRtlWRyCX__k6uh7kXryI3zzvJJ.png" />
<file href="scormcontent/assets/n53q4jkE5FU4GpWU_Te0f-WGDFPc3GOMc.jpg" />
<file href="scormcontent/assets/8yQSYlUrBuI4Av0X_fi_ML6wfA7Sq6nyD.jpg" />
<file href="scormcontent/assets/RGsYhahw1iTm0YzP_HUZOSc8rGX25VDDC.png" />
<file href="scormcontent/assets/iyRaeMFPSFzwTpkl_QZ7TZ4u9D0B930X8.jpg" />
<file href="scormcontent/assets/-ZlKrf54UyIgW5bv_btW_8rOnuFNfBVqn.jpg" />
<file href="scormcontent/assets/tQAe0nHwdEgruKPB_p4gEn1wuVtqq5MPD.jpg" />
<file href="scormcontent/assets/7lp5XEj9KCk6yh8z_ysvONXDVDdbNBMZU.jpg" />
<file href="scormcontent/assets/wtPVqyElkc11Oq7T_dr3YkUy6301bes-7.png" />
<file href="scormcontent/assets/W3F8GtEVHJXw0Zyx_4WaQYdqdS4LeZgzN.png" />
<file href="scormcontent/assets/oQJhLONfym7eio3M_GkPBk2JOAq8I-YNa.png" />
<file href="scormcontent/assets/IPcY8DQh-a4jpeXu_7MKm8S2LvDYPcZAY.jpg" />
<file href="scormcontent/assets/z21_wXhcqX8ipaPi_13rdID4iT0T2OnJM.jpg" />
<file href="scormcontent/assets/dLkH3vKzwqufGaJX_nrOh4Ds821zuOqtp.jpg" />
<file href="scormcontent/assets/Xn4bRTVbFf0cpPt7_L0uXbp-ISkniK5NH.png" />
<file href="scormcontent/assets/fGk-8PUf3GmBSO65_MU48BnRuWE4bMtN_.png" />
<file href="scormcontent/assets/S2-PS9cZf7U-N8g3_FjtFQY9w0V8iQ0lf.png" />
<file href="scormcontent/assets/nP2JTeBaIUJ0IAAz_1E2fTTG_bVDl2gJ8.png" />
<file href="scormcontent/assets/9SnEHbdB1YTM0ZkD_Gy5DAQac4P3zst4I.png" />
<file href="scormcontent/assets/eNuXQBPg1DfG8DLk__96ZzDxgEVcntCNE.jpg" />
<file href="scormcontent/assets/CiWhh4DBtda5ypp__vtYJKY0RgJKpb4Zt.png" />
<file href="scormcontent/assets/myc_xdBY766ahsER_XQLsip91fYKNwetp.png" />
<file href="scormcontent/assets/3Pn5hNm-OL-IoAdZ_j9zyYEkkRSMknuqX.jpg" />
<file href="scormcontent/assets/jLP51HU0SIhorwlQ_uOss20dGDoJh-fF0.png" />
<file href="scormcontent/assets/iPsmX-cZ9E136DOZ_PEWhyrmfWMMWyK5S.png" />
<file href="scormcontent/assets/rxpngr1Rl700MRM8_qYJBis1ms5hKdMLN.png" />
<file href="scormcontent/assets/VFvUFnSTVNE15wBX_4kITfSodsr9aUl--.png" />
<file href="scormcontent/assets/-55FHdef1UVv3hGr_182_full.png" />
<file href="scormcontent/assets/noAitBzoivX39TLq_109_full.png" />
<file href="scormcontent/assets/MZr5NZsy3XFx6FWx_166_full.png" />
<file href="scormcontent/assets/huZnI06TnPyu5YWH_192_full.png" />
<file href="scormcontent/assets/PtPs_agQyVcE23w7_107_full.png" />
<file href="scormcontent/assets/nnIETn3bIT8fL_Q5_163_full.png" />
<file href="scormcontent/assets/gQFBBuqRKl45H4ff_203_full.png" />
<file href="scormcontent/assets/SxrFYRwsbsz88HJd_180_full.png" />
<file href="scormcontent/assets/BfMhU4uyxPnD110C_224_full.png" />
<file href="scormcontent/assets/4wfaY4UWs9g5j9mX_226_full.png" />
<file href="scormcontent/assets/vhfXa5JUAeLwvYkk_190_full.png" />
<file href="scormcontent/assets/bcXDMuQW6OonDEcr_218_full.png" />

    </resource>
  </resources>
</manifest>
